"{'index': 0, 'previousHash': '0', 'timestamp': '2021/05/12', 'data': 'Genesis block', 'hash': '6278e702e4fed0d0fe841d428f27e6b1ae1bc54b8cb851f324b7ff9dc30fa5a5'}","{'index': 1, 'previousHash': '6278e702e4fed0d0fe841d428f27e6b1ae1bc54b8cb851f324b7ff9dc30fa5a5', 'timestamp': '2021-05-12T18:12:42.816276', 'data': '今日は暑いよね', 'hash': '60045d79ff7d6c1a80cdddb8bd80836a7c1bc6a446a41f412a978130e158b38d'}","{'index': 2, 'previousHash': '60045d79ff7d6c1a80cdddb8bd80836a7c1bc6a446a41f412a978130e158b38d', 'timestamp': '2021-05-12T18:12:48.481300', 'data': 'らーめんが食べたい', 'hash': '4334cdff4a9a475d09d5884f602f332ef773bb048b84f0c313c003bf2682b9e2'}","{'index': 3, 'previousHash': '4334cdff4a9a475d09d5884f602f332ef773bb048b84f0c313c003bf2682b9e2', 'timestamp': '2021-05-12T18:12:56.210434', 'data': '二郎に行こう', 'hash': 'b6b30d9c0cde7f7aba3b9d5f0090c1dce54a5825ca84396e3d292729461373a7'}"
index,previousHash,timestamp,data,hash
index,previousHash,timestamp,data,hash
index,previousHash,timestamp,data,hash
index,previousHash,timestamp,data,hash
index,previousHash,timestamp,data,hash
index,previousHash,timestamp,data,hash
index,previousHash,timestamp,data,hash
index,previousHash,timestamp,data,hash
"{'index': 0, 'previousHash': '0', 'timestamp': '2021/05/12', 'data': 'Genesis block', 'hash': '6278e702e4fed0d0fe841d428f27e6b1ae1bc54b8cb851f324b7ff9dc30fa5a5'}","{'index': 1, 'previousHash': '6278e702e4fed0d0fe841d428f27e6b1ae1bc54b8cb851f324b7ff9dc30fa5a5', 'timestamp': '2021-05-20T11:07:23.321471', 'data': 'ねみー', 'hash': '53f504b92bcf74c042c1dbe4ecf01429932f689b389f46d7dfa05acd1b4d5a3f'}","{'index': 2, 'previousHash': '53f504b92bcf74c042c1dbe4ecf01429932f689b389f46d7dfa05acd1b4d5a3f', 'timestamp': '2021-05-20T11:07:26.033650', 'data': 'つかれた', 'hash': '18cf7ef9dc05daca93f24260afdddd33fe71ed66d86874439e9d379939d9b290'}","{'index': 3, 'previousHash': '18cf7ef9dc05daca93f24260afdddd33fe71ed66d86874439e9d379939d9b290', 'timestamp': '2021-05-20T11:07:28.618549', 'data': 'だりー', 'hash': '4d2386c66f315108d2cb8c8684915a4f04bd1bdc72aa26fa5aee24fa3017cf8c'}"
